onset	duration	run_number	trial_number	task	ext_mot_pos	ext_mot_ver_dir	staircase_num	fix_off_prct	trial_type	ext_mot_ori	direction_report	response_duration
37039.69426	3.7077152	2	1	2	2	2	2	5	2	-16.53846154	n/a	n/a
37043.4103	3.6662719	2	2	2	1	1	1	3	2	-16.53846154	n/a	n/a
37047.08478	3.5078034	2	3	2	2	2	1	2	2	-16.53846154	n/a	n/a
37050.6011	3.7076	2	4	2	2	1	2	5	2	-16.53846154	n/a	n/a
37054.31704	3.6995041	2	5	2	1	2	1	2	2	-16.53846154	n/a	n/a
37058.02488	3.7494546	2	6	2	1	1	2	2	1	-16.53846154	n/a	n/a
37061.78261	3.6994714	2	7	2	1	1	1	2	2	-16.53846154	n/a	n/a
37065.49042	3.5077995	2	8	2	1	1	1	4	2	-16.53846154	n/a	n/a
37069.00655	3.7579472	2	9	2	1	1	1	3	2	-16.53846154	n/a	n/a
37072.77268	3.6912068	2	10	2	2	2	2	1	2	-16.53846154	n/a	n/a
37076.47231	3.7326045	2	11	2	1	1	2	1	1	-16.53846154	n/a	n/a
37080.21344	3.6409538	2	12	2	1	1	1	2	2	-16.53846154	n/a	n/a
37083.86272	3.657798	2	13	2	1	1	1	4	1	-16.53846154	n/a	n/a
37087.52885	3.9994426	2	14	2	2	1	2	2	1	-16.53846154	n/a	n/a
37091.53661	3.9994382	2	15	2	2	1	2	3	1	-16.53846154	n/a	n/a
37095.54438	3.8077717	2	16	2	2	1	1	4	2	-16.53846154	n/a	n/a
37099.36047	3.699461	2	17	2	1	2	1	5	2	-16.53846154	n/a	n/a
37103.06833	3.7660338	2	18	2	1	2	2	3	2	-16.53846154	n/a	n/a
37106.84269	3.7911271	2	19	2	1	2	2	1	1	-16.53846154	n/a	n/a
37110.64216	3.7410937	2	20	2	2	2	1	2	1	-16.53846154	n/a	n/a
37114.39184	3.507588753	2	21	2	1	1	1	1	2	-16.53846154	n/a	n/a
37117.90776	3.5078189	2	22	2	1	2	2	5	2	-16.53846154	n/a	n/a
37121.42391	3.6746472	2	23	2	1	1	2	5	2	-16.53846154	n/a	n/a
37125.10682	3.5743684	2	24	2	2	2	1	1	1	-16.53846154	n/a	n/a
37128.68951	3.5078156	2	25	2	2	2	2	4	1	-16.53846154	n/a	n/a
37132.20566	3.7077625	2	26	2	1	1	1	3	1	-16.53846154	n/a	n/a
37135.92178	3.7244819	2	27	2	2	1	2	2	2	-16.53846154	n/a	n/a
37139.65459	3.5494749	2	28	2	2	2	2	2	2	-16.53846154	n/a	n/a
37143.21238	3.50782	2	29	2	2	2	2	4	2	-16.53846154	n/a	n/a
37146.72856	3.5828107	2	30	2	2	2	2	2	2	-16.53846154	n/a	n/a
37150.3197	3.5078247	2	31	2	2	2	1	5	1	-16.53846154	n/a	n/a
37153.83585	3.8410922	2	32	2	2	2	2	1	1	-16.53846154	n/a	n/a
37157.68528	3.5078433	2	33	2	1	1	1	3	2	-16.53846154	n/a	n/a
37161.20144	3.5078296	2	34	2	1	2	2	4	1	-16.53846154	n/a	n/a
37164.71759	3.7578013	2	35	2	1	1	2	5	2	-16.53846154	n/a	n/a
37168.4837	3.5495399	2	36	2	1	2	1	2	2	-16.53846154	n/a	n/a
37172.04166	3.5078111	2	37	2	1	2	2	2	1	-16.53846154	n/a	n/a
37175.55769	3.5078734	2	38	2	2	1	2	5	2	-16.53846154	n/a	n/a
37179.07386	3.707781	2	39	2	1	2	2	5	1	-16.53846154	n/a	n/a
37182.78995	3.699463	2	40	2	2	2	1	4	2	-16.53846154	n/a	n/a
37186.49775	3.7244997	2	41	2	1	2	1	4	2	-16.53846154	n/a	n/a
37190.23055	3.6744522	2	42	2	1	2	1	3	1	-16.53846154	n/a	n/a
37193.92169	3.5078083	2	43	2	1	2	2	5	2	-16.53846154	n/a	n/a
37197.43783	3.7077918	2	44	2	2	2	1	1	1	-16.53846154	n/a	n/a
37201.15394	3.6911446	2	45	2	2	1	2	2	1	-16.53846154	n/a	n/a
37204.85339	3.6911621	2	46	2	1	1	1	5	2	-16.53846154	n/a	n/a
37208.55288	3.7746036	2	47	2	2	2	1	2	2	-16.53846154	n/a	n/a
37212.33568	3.5078026	2	48	2	2	2	2	4	2	-16.53846154	n/a	n/a
37215.8518	3.7244288	2	49	2	2	1	2	2	2	-16.53846154	n/a	n/a
37219.5847	3.7162085	2	50	2	2	2	1	2	1	-16.53846154	n/a	n/a
37223.30908	3.6911207	2	51	2	2	2	2	4	1	-16.53846154	n/a	n/a
37227.00851	3.5078242	2	52	2	1	2	1	4	2	-16.53846154	n/a	n/a
37230.52466	3.6744419	2	53	2	2	1	2	4	1	-16.53846154	n/a	n/a
37234.20747	3.6494262	2	54	2	1	2	1	4	1	-16.53846154	n/a	n/a
37237.86551	3.6410079	2	55	2	1	1	1	2	1	-16.53846154	n/a	n/a
37241.51475	3.7494515	2	56	2	1	2	1	1	2	-16.53846154	n/a	n/a
37245.27253	3.5078391	2	57	2	2	2	2	5	1	-16.53846154	n/a	n/a
37248.78869	3.6411828	2	58	2	1	1	2	2	1	-16.53846154	n/a	n/a
37252.43816	3.5078223	2	59	2	2	2	2	4	1	-16.53846154	n/a	n/a
37255.95432	3.9327627	2	60	2	2	1	2	2	1	-16.53846154	n/a	n/a
37259.89539	3.6161312	2	61	2	1	2	1	3	1	-16.53846154	n/a	n/a
37263.51985	3.6827969	2	62	2	1	1	2	2	2	-16.53846154	n/a	n/a
37267.21099	3.9994313	2	63	2	1	2	1	2	2	-16.53846154	n/a	n/a
37271.21886	3.5410424	2	64	2	1	2	1	1	1	-16.53846154	n/a	n/a
37274.76823	3.5078465	2	65	2	1	1	1	1	1	-16.53846154	n/a	n/a
37278.28437	3.5995007	2	66	2	2	1	2	5	2	-16.53846154	n/a	n/a
37281.8922	3.5911389	2	67	2	2	2	2	2	1	-16.53846154	n/a	n/a
37285.49167	3.5078074	2	68	2	2	1	1	3	2	-16.53846154	n/a	n/a
37289.00782	3.5078418	2	69	2	2	1	2	5	1	-16.53846154	n/a	n/a
37292.52399	3.6911149	2	70	2	2	1	1	2	1	-16.53846154	n/a	n/a
37296.22344	3.9994251	2	71	2	2	1	1	3	1	-16.53846154	n/a	n/a
37300.2314	3.7908947	2	72	2	2	2	1	5	2	-16.53846154	n/a	n/a
37304.03063	3.6911555	2	73	2	2	1	1	4	1	-16.53846154	n/a	n/a
37307.7301	3.5078041	2	74	2	2	2	1	5	1	-16.53846154	n/a	n/a
37311.2464	3.5076978	2	75	2	2	2	1	5	1	-16.53846154	n/a	n/a
37314.76244	3.7327743	2	76	2	1	2	1	3	2	-16.53846154	n/a	n/a
37318.50362	3.6660783	2	77	2	1	1	2	5	1	-16.53846154	n/a	n/a
37322.17816	3.724313	2	78	2	2	2	2	5	2	-16.53846154	n/a	n/a
37325.91081	3.5078074	2	79	2	1	2	1	3	2	-16.53846154	n/a	n/a
37329.427	3.9993312	2	80	2	2	1	1	4	1	-16.53846154	n/a	n/a
37333.43466	3.6078335	2	81	2	2	2	1	5	1	-16.53846154	n/a	n/a
37337.05099	3.7076366	2	82	2	1	2	2	1	1	-16.53846154	n/a	n/a
37340.76697	3.5078092	2	83	2	2	2	1	4	2	-16.53846154	n/a	n/a
37344.28311	3.7161442	2	84	2	2	1	2	2	2	-16.53846154	n/a	n/a
37348.00759	3.6994227	2	85	2	1	1	2	1	2	-16.53846154	n/a	n/a
37351.71549	3.5076828	2	86	2	2	2	1	3	2	-16.53846154	n/a	n/a
37355.23154	3.5078077	2	87	2	2	2	2	4	2	-16.53846154	n/a	n/a
37358.74767	3.5078408	2	88	2	2	2	1	4	2	-16.53846154	n/a	n/a
37362.26406	3.7492446	2	89	2	1	1	1	4	2	-16.53846154	n/a	n/a
37366.02163	3.5078235	2	90	2	1	2	1	3	2	-16.53846154	n/a	n/a
37369.53777	3.5078703	2	91	2	1	1	1	1	2	-16.53846154	n/a	n/a
37373.05395	3.7161178	2	92	2	2	2	2	4	2	-16.53846154	n/a	n/a
37376.78674	3.5078151	2	93	2	1	2	2	1	2	-16.53846154	n/a	n/a
37380.30288	3.507915	2	94	2	2	2	1	1	2	-16.53846154	n/a	n/a
37383.81906	3.5078145	2	95	2	2	2	2	5	2	-16.53846154	n/a	n/a
37387.33519	3.5411637	2	96	2	2	1	2	2	2	-16.53846154	n/a	n/a
37390.88468	3.5077949	2	97	2	1	2	1	3	1	-16.53846154	n/a	n/a
37394.40084	3.5078161	2	98	2	1	1	1	1	1	-16.53846154	n/a	n/a
37397.91711	3.5076964	2	99	2	2	2	2	1	2	-16.53846154	n/a	n/a
37401.43319	3.5077799	2	100	2	2	1	2	1	1	-16.53846154	n/a	n/a
