,onset,duration,run_number,trial_number,task,ext_mot_pos,ext_mot_ver_dir,staircase_num,fix_off_prct,trial_type,ext_mot_ori,direction_report,response_duration,trial_onset,trial_offset,button_press_onset,button_left,button_right,fix_break,motion_onset,motion_offset,fixation_onset,fixation_offset,response_onset,response_offset,trial_duration,fix_check_duration,fixation_duration,response_duration,motion_duration,reaction_time
0,440.7972913,4.1078354,1,1,1,2,1,2,5,2,-65,n/a,n/a,421546.0,425653.0,0.0,0.0,0.0,0.0,422646.0,424654.0,422646.0,425654.0,424661.0,425654.0,4107.0,1100.0,3008.0,993.0,2008.0,-424661.0
1,444.913464,3.5078735,1,2,1,1,2,1,5,2,-15,2.0,-0.049398,425660.0,429169.0,428129.0,0.0,428129.0,0.0,426179.0,428170.0,426179.0,429170.0,428177.0,429170.0,3509.0,519.0,2991.0,993.0,1991.0,-48.0
2,448.4297221,3.5079028,1,3,1,2,1,2,4,2,-65,1.0,-0.5579901,429176.0,432686.0,431136.0,431136.0,0.0,0.0,429695.0,431686.0,429695.0,432686.0,431693.0,432686.0,3510.0,519.0,2991.0,993.0,1991.0,-557.0
3,451.9461027,3.507781,1,4,1,1,2,2,2,2,-60,1.0,-0.773753,432693.0,436202.0,434437.0,434437.0,0.0,0.0,433210.0,435202.0,433211.0,436202.0,435209.0,436202.0,3509.0,518.0,2991.0,993.0,1992.0,-772.0
4,455.4622573,3.5161909,1,5,1,2,2,1,4,1,-20,2.0,-1.3746319,436210.0,439727.0,437360.0,0.0,437360.0,0.0,436736.0,438727.0,436737.0,439728.0,438735.0,439729.0,3517.0,527.0,2991.0,994.0,1991.0,-1375.0
5,458.9951273,3.5079181,1,6,1,1,2,1,1,1,-25,2.0,-0.6737824,439743.0,443252.0,441586.0,0.0,441586.0,0.0,440260.0,442251.0,440260.0,443252.0,442259.0,443253.0,3509.0,517.0,2992.0,994.0,1991.0,-673.0
6,462.51152,3.5077854,1,7,1,1,1,1,5,2,-30,2.0,0.0085787,443258.0,446768.0,445784.0,0.0,445784.0,0.0,443776.0,445767.0,443776.0,446768.0,445774.0,446768.0,3510.0,518.0,2992.0,994.0,1991.0,10.0
7,466.0275975,3.5079304,1,8,1,1,2,1,3,2,-35,1.0,-0.3651993,446774.0,450283.0,448927.0,448927.0,0.0,0.0,447293.0,449284.0,447293.0,450283.0,449290.0,450283.0,3509.0,519.0,2990.0,993.0,1991.0,-363.0
8,469.5439022,3.5078799,1,9,1,1,1,1,1,2,-30,2.0,-0.6387261,450290.0,453799.0,452171.0,0.0,452171.0,0.0,450809.0,452800.0,450809.0,453799.0,452807.0,453800.0,3509.0,519.0,2990.0,993.0,1991.0,-636.0
9,473.0601116,3.5080565,1,10,1,2,2,2,4,1,-55,1.0,-0.8320558,453807.0,457317.0,455493.0,455493.0,0.0,0.0,454325.0,456316.0,454325.0,457317.0,456323.0,457317.0,3510.0,518.0,2992.0,994.0,1991.0,-830.0
10,476.5763818,3.5162486,1,11,1,1,1,2,5,1,-50,1.0,-0.5656856,457323.0,460841.0,459284.0,459284.0,0.0,0.0,457849.0,459841.0,457849.0,460841.0,459848.0,460841.0,3518.0,526.0,2992.0,993.0,1992.0,-564.0
11,480.1009441,3.4997431,1,12,1,1,1,1,1,2,-35,2.0,-0.9246168,460847.0,464348.0,462432.0,0.0,462432.0,0.0,461357.0,463349.0,461357.0,464349.0,463355.0,464349.0,3501.0,510.0,2992.0,994.0,1992.0,-923.0
12,483.6088716,3.5079237,1,13,1,2,1,1,3,2,-40,2.0,-1.3664383,464355.0,467865.0,465507.0,0.0,465507.0,0.0,464874.0,466865.0,464874.0,467865.0,466872.0,467865.0,3510.0,519.0,2991.0,993.0,1991.0,-1365.0
13,487.1251117,3.5080675,1,14,1,2,1,1,1,2,-45,1.0,-0.6994509,467871.0,471381.0,469690.0,469690.0,0.0,0.0,468389.0,470381.0,468389.0,471381.0,470388.0,471382.0,3510.0,518.0,2992.0,994.0,1992.0,-698.0
14,490.6496857,3.5080986,1,15,1,1,2,1,2,2,-40,2.0,-0.7329047,471396.0,474905.0,473181.0,0.0,473181.0,0.0,471915.0,473906.0,471915.0,474905.0,473912.0,474905.0,3509.0,519.0,2990.0,993.0,1991.0,-731.0
15,494.1659638,3.5079137,1,16,1,2,2,1,4,2,-45,1.0,-0.566277,474912.0,478421.0,476864.0,476864.0,0.0,0.0,475431.0,477422.0,475431.0,478422.0,477429.0,478422.0,3509.0,519.0,2991.0,993.0,1991.0,-565.0
16,497.6822097,3.5079183,1,17,1,1,2,1,4,2,-40,1.0,-0.2496658,478428.0,481938.0,480696.0,480696.0,0.0,0.0,478946.0,480938.0,478946.0,481938.0,480945.0,481938.0,3510.0,518.0,2992.0,993.0,1992.0,-249.0
17,501.1986,3.5077602,1,18,1,2,1,1,2,1,-35,2.0,-0.1330955,481945.0,485454.0,484330.0,0.0,484330.0,0.0,482463.0,484454.0,482463.0,485454.0,484461.0,485454.0,3509.0,518.0,2991.0,993.0,1991.0,-131.0
18,504.7147063,3.5079176,1,19,1,1,2,2,2,2,-45,1.0,-0.7913497,485461.0,488970.0,487187.0,487187.0,0.0,0.0,485979.0,487971.0,485979.0,488970.0,487977.0,488970.0,3509.0,518.0,2991.0,993.0,1992.0,-790.0
19,508.2309548,3.508112445,1,20,1,1,1,2,5,1,-40,2.0,-0.482694,488977.0,492487.0,491012.0,0.0,491012.0,0.0,489495.0,491487.0,489495.0,492487.0,491493.0,492487.0,3510.0,518.0,2992.0,994.0,1992.0,-481.0
20,511.7473446,3.5077737,1,21,1,1,1,2,2,1,-45,2.0,-0.9079851,492494.0,496003.0,494103.0,0.0,494103.0,0.0,493011.0,495003.0,493011.0,496003.0,495010.0,496003.0,3509.0,517.0,2992.0,993.0,1992.0,-907.0
21,515.2634383,3.5079163,1,22,1,2,2,1,4,1,-40,2.0,-1.2412694,496010.0,499519.0,497286.0,0.0,497286.0,0.0,496528.0,498519.0,496528.0,499519.0,498526.0,499519.0,3509.0,518.0,2991.0,993.0,1991.0,-1240.0
22,518.7796916,3.5079132,1,23,1,1,1,1,2,2,-45,1.0,-0.7580101,499526.0,503035.0,501285.0,501285.0,0.0,0.0,500044.0,502035.0,500044.0,503036.0,502042.0,503036.0,3509.0,518.0,2992.0,994.0,1991.0,-757.0
23,522.295891,3.5079739,1,24,1,1,1,2,4,2,-50,1.0,-0.7330201,503042.0,506552.0,504827.0,504827.0,0.0,0.0,503560.0,505551.0,503560.0,506552.0,505558.0,506552.0,3510.0,518.0,2992.0,994.0,1991.0,-731.0
24,525.8122019,3.5079153,1,25,1,1,2,2,1,1,-45,1.0,-0.7242848,506558.0,510068.0,508352.0,508352.0,0.0,0.0,507077.0,509068.0,507077.0,510068.0,509075.0,510069.0,3510.0,519.0,2991.0,994.0,1991.0,-723.0
25,529.3285808,3.5078142,1,26,1,2,1,1,2,2,-40,1.0,-0.9327121,510075.0,513584.0,511660.0,511660.0,0.0,0.0,510593.0,512584.0,510593.0,513585.0,512591.0,513585.0,3509.0,518.0,2992.0,994.0,1991.0,-931.0
26,532.8447406,3.5078904,1,27,1,2,2,1,5,1,-35,2.0,-1.1329615,513591.0,517100.0,514976.0,0.0,514976.0,0.0,514109.0,516100.0,514109.0,517100.0,516107.0,517100.0,3509.0,518.0,2991.0,993.0,1991.0,-1131.0
27,536.3609535,3.5079113,1,28,1,2,1,1,5,1,-40,2.0,-0.2326968,517107.0,520616.0,519393.0,0.0,519393.0,0.0,517625.0,519616.0,517626.0,520616.0,519623.0,520616.0,3509.0,519.0,2990.0,993.0,1991.0,-230.0
28,539.8771964,3.5079227,1,29,1,2,2,1,2,1,-45,1.0,-0.5998379,520623.0,524132.0,522541.0,522541.0,0.0,0.0,521142.0,523133.0,521142.0,524132.0,523140.0,524132.0,3509.0,519.0,2990.0,992.0,1991.0,-599.0
29,543.3934497,3.507913,1,30,1,1,2,2,3,2,-40,2.0,-0.9579869,524139.0,527649.0,525700.0,0.0,525700.0,0.0,524658.0,526649.0,524658.0,527649.0,526656.0,527649.0,3510.0,519.0,2991.0,993.0,1991.0,-956.0
30,546.9096934,3.5079204,1,31,1,1,1,2,3,2,-45,2.0,-0.9913243,527655.0,531165.0,529182.0,0.0,529182.0,0.0,528173.0,530165.0,528173.0,531165.0,530172.0,531165.0,3510.0,518.0,2992.0,993.0,1992.0,-990.0
31,550.4259466,3.4996188,1,32,1,2,1,2,4,2,-50,1.0,-1.2157945,531172.0,534673.0,532465.0,532465.0,0.0,0.0,531682.0,533674.0,531682.0,534673.0,533680.0,534673.0,3501.0,510.0,2991.0,993.0,1992.0,-1215.0
32,553.9338838,3.5079025,1,33,1,1,2,2,2,2,-45,1.0,-0.9573745,534680.0,538189.0,536240.0,536240.0,0.0,0.0,535198.0,537189.0,535198.0,538190.0,537196.0,538190.0,3509.0,518.0,2992.0,994.0,1991.0,-956.0
33,557.4501103,3.5162308,1,34,1,2,2,1,2,2,-40,1.0,-0.5413855,538196.0,541714.0,540180.0,540180.0,0.0,0.0,538714.0,540714.0,538714.0,541714.0,540721.0,541714.0,3518.0,518.0,3000.0,993.0,2000.0,-541.0
34,560.9746611,3.5079405,1,35,1,1,2,1,5,1,-35,2.0,-0.7495588,541720.0,545230.0,543489.0,0.0,543489.0,0.0,542239.0,544230.0,542239.0,545230.0,544237.0,545230.0,3510.0,519.0,2991.0,993.0,1991.0,-748.0
35,564.4909295,3.5079196,1,36,1,1,1,2,3,1,-40,2.0,-1.0996388,545237.0,548746.0,546655.0,0.0,546655.0,0.0,545755.0,547746.0,545755.0,548747.0,547753.0,548747.0,3509.0,518.0,2992.0,994.0,1991.0,-1098.0
36,568.007173,3.5079935,1,37,1,2,1,2,2,1,-45,1.0,-1.2413539,548753.0,552263.0,550030.0,550030.0,0.0,0.0,549271.0,551263.0,549271.0,552263.0,551270.0,552263.0,3510.0,518.0,2992.0,993.0,1992.0,-1240.0
37,571.523427,3.5079352,1,38,1,1,1,1,4,2,-40,2.0,-0.9996602,552269.0,555779.0,553787.0,0.0,553787.0,0.0,552787.0,554778.0,552788.0,555779.0,554785.0,555779.0,3510.0,519.0,2991.0,994.0,1991.0,-998.0
38,575.0396798,3.5079258,1,39,1,2,1,1,1,2,-45,1.0,-1.2740664,555785.0,559294.0,557029.0,557029.0,0.0,0.0,556304.0,558295.0,556304.0,559295.0,558302.0,559295.0,3509.0,519.0,2991.0,993.0,1991.0,-1273.0
39,578.5559987,3.5078561,1,40,1,1,2,1,2,1,-40,1.0,-0.8496466,559302.0,562811.0,560970.0,560970.0,0.0,0.0,559820.0,561811.0,559820.0,562811.0,561818.0,562811.0,3509.0,518.0,2991.0,993.0,1991.0,-848.0
40,582.0721906,3.5079167,1,41,1,1,2,2,3,2,-40,1.0,-0.8824484,562818.0,566327.0,564454.0,564454.0,0.0,0.0,563336.0,565327.0,563336.0,566327.0,565334.0,566327.0,3509.0,518.0,2991.0,993.0,1991.0,-880.0
41,585.5884522,3.5162601,1,42,1,1,1,2,3,2,-35,2.0,-1.2329811,566334.0,569852.0,567627.0,0.0,567627.0,0.0,566853.0,568853.0,566853.0,569852.0,568859.0,569852.0,3518.0,519.0,2999.0,993.0,2000.0,-1232.0
42,589.1130199,3.5080457,1,43,1,2,2,2,5,2,-40,2.0,-1.2829868,569858.0,573368.0,571093.0,0.0,571093.0,0.0,570377.0,572368.0,570377.0,573369.0,572375.0,573369.0,3510.0,519.0,2992.0,994.0,1991.0,-1282.0
43,592.6292874,3.5079097,1,44,1,1,2,1,2,1,-35,2.0,-0.6912958,573375.0,576884.0,575202.0,0.0,575202.0,0.0,573893.0,575884.0,573893.0,576884.0,575891.0,576884.0,3509.0,518.0,2991.0,993.0,1991.0,-689.0
44,596.14563,3.5077949,1,45,1,1,2,1,4,2,-40,1.0,-1.1325889,576891.0,580400.0,578276.0,578276.0,0.0,0.0,577409.0,579401.0,577410.0,580400.0,579407.0,580400.0,3509.0,519.0,2990.0,993.0,1992.0,-1131.0
45,599.66177,3.5078955,1,46,1,1,2,2,2,1,-45,1.0,-0.9913227,580407.0,583916.0,581934.0,581934.0,0.0,0.0,580926.0,582917.0,580926.0,583917.0,582924.0,583917.0,3509.0,519.0,2991.0,993.0,1991.0,-990.0
46,603.1780191,3.5079094,1,47,1,1,1,2,2,2,-40,2.0,-1.0658924,583923.0,587433.0,585376.0,0.0,585376.0,0.0,584442.0,586433.0,584442.0,587433.0,586440.0,587433.0,3510.0,519.0,2991.0,993.0,1991.0,-1064.0
47,606.6942646,3.499581,1,48,1,2,1,1,2,1,-35,2.0,-1.2493978,587440.0,590941.0,588700.0,0.0,588700.0,0.0,587949.0,589942.0,587950.0,590941.0,589948.0,590941.0,3501.0,510.0,2991.0,993.0,1993.0,-1248.0
48,610.2021925,3.5078923,1,49,1,2,1,2,5,1,-45,1.0,-1.2575872,590948.0,594457.0,592208.0,592208.0,0.0,0.0,591466.0,593457.0,591466.0,594457.0,593464.0,594457.0,3509.0,518.0,2991.0,993.0,1991.0,-1256.0
49,613.7184127,3.5079306,1,50,1,1,1,2,4,2,-40,2.0,-1.2829659,594464.0,597974.0,595699.0,0.0,595699.0,0.0,594982.0,596973.0,594982.0,597974.0,596980.0,597974.0,3510.0,518.0,2992.0,994.0,1991.0,-1281.0
50,617.2348753,3.5077128,1,51,1,2,2,2,2,2,-45,1.0,-0.299859,597980.0,601490.0,600199.0,600199.0,0.0,0.0,598498.0,600490.0,598498.0,601490.0,600497.0,601490.0,3510.0,518.0,2992.0,993.0,1992.0,-298.0
51,620.7509266,3.5079004,1,52,1,2,2,2,1,1,-40,2.0,-1.1327935,601496.0,605006.0,602881.0,0.0,602881.0,0.0,602015.0,604006.0,602015.0,605006.0,604013.0,605006.0,3510.0,519.0,2991.0,993.0,1991.0,-1132.0
52,624.2671567,3.5079449,1,53,1,1,1,2,2,1,-45,2.0,-1.0996701,605013.0,608522.0,606430.0,0.0,606430.0,0.0,605531.0,607522.0,605531.0,608522.0,607529.0,608523.0,3509.0,518.0,2991.0,994.0,1991.0,-1099.0
53,627.7834243,3.5079278,1,54,1,1,2,2,2,2,-50,1.0,-1.1912694,608529.0,612038.0,609855.0,609855.0,0.0,0.0,609047.0,611038.0,609047.0,612038.0,611045.0,612038.0,3509.0,518.0,2991.0,993.0,1991.0,-1190.0
54,631.2996669,3.5079058,1,55,1,1,1,1,5,2,-40,1.0,-0.5825457,612045.0,615554.0,613981.0,613981.0,0.0,0.0,612563.0,614555.0,612563.0,615554.0,614561.0,615554.0,3509.0,518.0,2991.0,993.0,1992.0,-580.0
55,634.8158983,3.5079361,1,56,1,2,2,1,1,2,-35,2.0,-1.2578654,615561.0,619070.0,616821.0,0.0,616821.0,0.0,616080.0,618071.0,616080.0,619070.0,618077.0,619070.0,3509.0,519.0,2990.0,993.0,1991.0,-1256.0
56,638.3321843,3.508131067,1,57,1,1,1,2,1,1,-45,1.0,-1.0247727,619077.0,622588.0,620571.0,620571.0,0.0,0.0,619595.0,621587.0,619595.0,622588.0,621594.0,622588.0,3511.0,518.0,2993.0,994.0,1992.0,-1023.0
57,641.8568058,3.508091133,1,58,1,2,2,1,3,1,-40,2.0,-1.2330733,622604.0,626112.0,623887.0,0.0,623887.0,0.0,623120.0,625111.0,623120.0,626112.0,625119.0,626112.0,3508.0,516.0,2992.0,993.0,1991.0,-1232.0
58,645.3730823,3.5078391,1,59,1,1,2,1,5,2,-45,1.0,-1.0323899,626118.0,629627.0,627604.0,627604.0,0.0,0.0,626637.0,628628.0,626637.0,629627.0,628634.0,629627.0,3509.0,519.0,2990.0,993.0,1991.0,-1030.0
59,648.8894156,3.5077315,1,60,1,2,1,1,3,1,-40,1.0,-1.2079611,629635.0,633143.0,630945.0,630945.0,0.0,0.0,630153.0,632144.0,630153.0,633144.0,632151.0,633144.0,3508.0,518.0,2991.0,993.0,1991.0,-1206.0
60,652.4054648,3.5079383,1,61,1,1,2,2,2,1,-40,1.0,-1.1414232,633151.0,636660.0,634527.0,634527.0,0.0,0.0,633669.0,635660.0,633669.0,636660.0,635667.0,636660.0,3509.0,518.0,2991.0,993.0,1991.0,-1140.0
61,655.9217513,3.5079035,1,62,1,1,1,2,4,2,-35,2.0,-0.8579936,636667.0,640176.0,638327.0,0.0,638327.0,0.0,637185.0,639177.0,637185.0,640176.0,639183.0,640177.0,3509.0,518.0,2991.0,994.0,1992.0,-856.0
62,659.4381105,3.5077596,1,63,1,2,2,1,2,1,-35,2.0,-0.757493,640183.0,643692.0,641943.0,0.0,641943.0,0.0,640701.0,642693.0,640701.0,643693.0,642699.0,643693.0,3509.0,518.0,2992.0,994.0,1992.0,-756.0
63,662.9542176,3.5079161,1,64,1,1,1,2,5,2,-40,2.0,-0.8410892,643699.0,647209.0,645377.0,0.0,645377.0,0.0,644218.0,646209.0,644218.0,647209.0,646216.0,647209.0,3510.0,519.0,2991.0,993.0,1991.0,-839.0
64,666.4706066,3.5077417,1,65,1,2,2,1,3,1,-40,2.0,-0.8913305,647216.0,650725.0,648842.0,0.0,648842.0,0.0,647733.0,649725.0,647733.0,650725.0,649732.0,650725.0,3509.0,517.0,2992.0,993.0,1992.0,-890.0
65,669.9868456,3.5077798,1,66,1,2,1,2,1,2,-45,1.0,-1.1410706,650732.0,654241.0,652108.0,652108.0,0.0,0.0,651250.0,653242.0,651250.0,654241.0,653248.0,654241.0,3509.0,518.0,2991.0,993.0,1992.0,-1140.0
66,673.5029368,3.4996334,1,67,1,1,1,2,4,1,-40,1.0,-1.1829763,654248.0,657750.0,655575.0,655575.0,0.0,0.0,654758.0,656749.0,654758.0,657750.0,656756.0,657750.0,3502.0,510.0,2992.0,994.0,1991.0,-1181.0
67,677.0109371,3.5078586,1,68,1,1,2,2,2,1,-35,2.0,-0.8408768,657756.0,661265.0,659433.0,0.0,659433.0,0.0,658274.0,660265.0,658274.0,661265.0,660272.0,661265.0,3509.0,518.0,2991.0,993.0,1991.0,-839.0
68,680.5271356,3.5079072,1,69,1,1,1,2,4,1,-40,2.0,-0.8328001,661272.0,664781.0,662957.0,0.0,662957.0,0.0,661791.0,663782.0,661791.0,664781.0,663788.0,664781.0,3509.0,519.0,2990.0,993.0,1991.0,-831.0
69,684.0435174,3.5077739,1,70,1,1,1,1,2,1,-45,1.0,-0.9664727,664789.0,668297.0,666339.0,666339.0,0.0,0.0,665307.0,667298.0,665307.0,668298.0,667305.0,668298.0,3508.0,518.0,2991.0,993.0,1991.0,-966.0
70,687.559625,3.5079569,1,71,1,2,1,2,2,2,-45,1.0,-1.2329334,668304.0,671814.0,669590.0,669590.0,0.0,0.0,668822.0,670814.0,668822.0,671814.0,670821.0,671814.0,3510.0,518.0,2992.0,993.0,1992.0,-1231.0
71,691.0759043,3.5078942,1,72,1,1,1,1,1,2,-40,2.0,-1.1996192,671821.0,675330.0,673139.0,0.0,673139.0,0.0,672338.0,674331.0,672339.0,675330.0,674337.0,675330.0,3509.0,518.0,2991.0,993.0,1993.0,-1198.0
72,694.5921219,3.5080179,1,73,1,1,1,2,4,1,-40,1.0,-1.3162992,675337.0,678846.0,676538.0,676538.0,0.0,0.0,675855.0,677847.0,675855.0,678847.0,677853.0,678847.0,3509.0,518.0,2992.0,994.0,1992.0,-1315.0
73,698.1168153,3.507805,1,74,1,2,1,2,2,1,-35,1.0,-1.2078554,678863.0,682371.0,680172.0,680172.0,0.0,0.0,679380.0,681371.0,679380.0,682371.0,681378.0,682371.0,3508.0,517.0,2991.0,993.0,1991.0,-1206.0
74,701.6329557,3.5080345,1,75,1,1,2,1,2,1,-45,1.0,-1.0496555,682378.0,685887.0,683846.0,683846.0,0.0,0.0,682895.0,684887.0,682895.0,685887.0,684894.0,685887.0,3509.0,517.0,2992.0,993.0,1992.0,-1048.0
75,705.1491665,3.5079826,1,76,1,2,1,2,3,2,-30,1.0,-1.0329889,685894.0,689403.0,687379.0,687379.0,0.0,0.0,686412.0,688404.0,686412.0,689403.0,688410.0,689403.0,3509.0,518.0,2991.0,993.0,1992.0,-1031.0
76,708.6654271,3.5079198,1,77,1,2,2,2,3,2,-25,2.0,-1.3331013,689410.0,692920.0,690595.0,0.0,690595.0,0.0,689928.0,691920.0,689928.0,692920.0,691927.0,692920.0,3510.0,518.0,2992.0,993.0,1992.0,-1332.0
77,712.181679,3.5078965,1,78,1,1,1,2,5,2,-30,2.0,-0.9746446,692926.0,696436.0,694470.0,0.0,694470.0,0.0,693444.0,695436.0,693444.0,696436.0,695443.0,696436.0,3510.0,518.0,2992.0,993.0,1992.0,-973.0
78,715.6978945,3.5081042,1,79,1,1,2,2,3,1,-35,2.0,-1.1331234,696443.0,699952.0,697827.0,0.0,697827.0,0.0,696961.0,698953.0,696961.0,699952.0,698959.0,699952.0,3509.0,518.0,2991.0,993.0,1992.0,-1132.0
79,719.214135,3.5079267,1,80,1,2,2,1,2,2,-40,2.0,-1.2162656,699959.0,703468.0,701261.0,0.0,701261.0,0.0,700477.0,702468.0,700477.0,703469.0,702475.0,703469.0,3509.0,518.0,2992.0,994.0,1991.0,-1214.0
80,722.7303978,3.5080642,1,81,1,2,2,1,5,1,-45,2.0,-1.1747762,703475.0,706985.0,704818.0,0.0,704818.0,0.0,703993.0,705985.0,703993.0,706985.0,705992.0,706985.0,3510.0,518.0,2992.0,993.0,1992.0,-1174.0
81,726.2466571,3.5079129,1,82,1,2,1,1,3,1,-50,1.0,-0.9329785,706991.0,710501.0,708576.0,708576.0,0.0,0.0,707509.0,709500.0,707509.0,710501.0,709507.0,710501.0,3510.0,518.0,2992.0,994.0,1991.0,-931.0
82,729.7630589,3.5077523,1,83,1,2,2,1,2,1,-45,2.0,-1.1996222,710508.0,714017.0,711825.0,0.0,711825.0,0.0,711026.0,713017.0,711026.0,714018.0,713024.0,714018.0,3509.0,518.0,2992.0,994.0,1991.0,-1199.0
83,733.2791403,3.5079118,1,84,1,2,1,1,5,2,-50,1.0,-0.8163333,714024.0,717534.0,715726.0,715726.0,0.0,0.0,714542.0,716533.0,714542.0,717534.0,716540.0,717534.0,3510.0,518.0,2992.0,994.0,1991.0,-814.0
84,736.7953858,3.4995819,1,85,1,2,2,2,1,1,-40,2.0,-1.0580272,717540.0,721041.0,718992.0,0.0,718992.0,0.0,718050.0,720041.0,718051.0,721041.0,720048.0,721042.0,3501.0,511.0,2990.0,994.0,1991.0,-1056.0
85,740.3034292,3.5077808,1,86,1,1,1,2,3,2,-45,2.0,-1.141254,721048.0,724557.0,722424.0,0.0,722424.0,0.0,721566.0,723558.0,721566.0,724558.0,723564.0,724558.0,3509.0,518.0,2992.0,994.0,1992.0,-1140.0
86,743.8196224,3.5078328,1,87,1,1,1,1,5,2,-45,2.0,-1.115866,724564.0,728074.0,725967.0,0.0,725967.0,0.0,725082.0,727074.0,725082.0,728074.0,727080.0,728074.0,3510.0,518.0,2992.0,994.0,1992.0,-1113.0
87,747.3359091,3.5079373,1,88,1,1,1,2,5,1,-50,1.0,-1.2328528,728081.0,731590.0,729366.0,729366.0,0.0,0.0,728598.0,730590.0,728598.0,731590.0,730597.0,731590.0,3509.0,517.0,2992.0,993.0,1992.0,-1231.0
88,750.8521524,3.5079002,1,89,1,2,1,1,5,2,-50,1.0,-0.8908517,731597.0,735106.0,733224.0,733224.0,0.0,0.0,732115.0,734106.0,732115.0,735106.0,734113.0,735106.0,3509.0,518.0,2991.0,993.0,1991.0,-889.0
89,754.3682643,3.507897,1,90,1,1,1,1,5,1,-45,2.0,-0.8163743,735113.0,738622.0,736814.0,0.0,736814.0,0.0,735631.0,737622.0,735631.0,738623.0,737629.0,738623.0,3509.0,518.0,2992.0,994.0,1991.0,-815.0
90,757.8846536,3.5077694,1,91,1,2,1,1,2,1,-50,1.0,-1.2078935,738629.0,742139.0,739939.0,739939.0,0.0,0.0,739147.0,741138.0,739147.0,742139.0,741145.0,742139.0,3510.0,518.0,2992.0,994.0,1991.0,-1206.0
91,761.4007534,3.5078966,1,92,1,2,1,1,1,2,-45,1.0,-1.2329191,742145.0,745655.0,743430.0,743430.0,0.0,0.0,742663.0,744654.0,742663.0,745655.0,744661.0,745655.0,3510.0,518.0,2992.0,994.0,1991.0,-1231.0
92,764.9169813,3.5079128,1,93,1,2,2,2,2,1,-45,1.0,-1.2079545,745661.0,749170.0,746971.0,746971.0,0.0,0.0,746180.0,748171.0,746180.0,749170.0,748178.0,749170.0,3509.0,519.0,2990.0,992.0,1991.0,-1207.0
93,768.4332235,3.5079092,1,94,1,1,1,1,4,2,-40,2.0,-1.2408069,749178.0,752687.0,750455.0,0.0,750455.0,0.0,749696.0,751687.0,749696.0,752687.0,751694.0,752687.0,3509.0,518.0,2991.0,993.0,1991.0,-1239.0
94,771.9496845,3.5078793,1,95,1,1,2,2,2,2,-40,2.0,-1.2829595,752694.0,756204.0,753929.0,0.0,753929.0,0.0,753212.0,755203.0,753213.0,756204.0,755210.0,756204.0,3510.0,519.0,2991.0,994.0,1991.0,-1281.0
95,775.4659337,3.5076923,1,96,1,1,2,1,3,1,-45,1.0,0.1503919,756210.0,759719.0,758879.0,758879.0,0.0,0.0,756729.0,758720.0,756729.0,759719.0,758726.0,759719.0,3509.0,519.0,2990.0,993.0,1991.0,153.0
96,778.9819759,3.5079044,1,97,1,2,2,2,5,2,-45,1.0,-0.8579996,759726.0,763236.0,761386.0,761386.0,0.0,0.0,760245.0,762236.0,760245.0,763236.0,762243.0,763236.0,3510.0,519.0,2991.0,993.0,1991.0,-857.0
97,782.498253,3.5078561,1,98,1,2,2,1,3,2,-40,2.0,-1.1247596,763242.0,766752.0,764636.0,0.0,764636.0,0.0,763760.0,765752.0,763760.0,766752.0,765759.0,766752.0,3510.0,518.0,2992.0,993.0,1992.0,-1123.0
98,786.0144452,3.5080458,1,99,1,2,2,1,5,2,-45,1.0,-1.1496297,766759.0,770268.0,768127.0,768127.0,0.0,0.0,767277.0,769269.0,767277.0,770268.0,769275.0,770268.0,3509.0,518.0,2991.0,993.0,1992.0,-1148.0
99,789.5308183,3.5077705,1,100,1,2,2,1,1,1,-40,1.0,-0.6828277,770275.0,773784.0,772110.0,772110.0,0.0,0.0,770793.0,772785.0,770793.0,773785.0,772791.0,773785.0,3509.0,518.0,2992.0,994.0,1992.0,-681.0
100,1011.062106,3.5162108,2,1,1,1,2,2,1,2,-65,1.0,0.158686,991805.0,995323.0,994490.0,994490.0,0.0,0.0,992331.0,994323.0,992331.0,995323.0,994330.0,995324.0,3518.0,526.0,2992.0,994.0,1992.0,160.0
101,1014.586645,3.5078817,2,2,1,2,2,2,2,2,-60,1.0,-0.732848,995329.0,998839.0,997115.0,997115.0,0.0,0.0,995847.0,997839.0,995848.0,998839.0,997846.0,998839.0,3510.0,519.0,2991.0,993.0,1992.0,-731.0
102,1018.10286,3.5078957,2,3,1,2,1,1,1,1,-15,2.0,-1.1496313,998846.0,1002355.0,1000214.0,0.0,1000214.0,0.0,999364.0,1001356.0,999364.0,1002356.0,1001362.0,1002356.0,3509.0,518.0,2992.0,994.0,1992.0,-1148.0
103,1021.627478,3.5078846,2,4,1,1,1,1,1,1,-20,2.0,-0.7486685,1002372.0,1005879.0,1004139.0,0.0,1004139.0,0.0,1002888.0,1004880.0,1002888.0,1005880.0,1004887.0,1005880.0,3507.0,516.0,2992.0,993.0,1992.0,-748.0
104,1025.152018,3.5163194,2,5,1,2,1,1,2,2,-25,2.0,-0.4330386,1005897.0,1009414.0,1007988.0,0.0,1007988.0,0.0,1006421.0,1008414.0,1006422.0,1009417.0,1008421.0,1009419.0,3517.0,525.0,2995.0,998.0,1993.0,-433.0
105,1029.69325,3.5077864,2,6,1,2,1,2,5,1,-55,1.0,-1.2993998,1010437.0,1013946.0,1011655.0,1011655.0,0.0,0.0,1010954.0,1012945.0,1010954.0,1013946.0,1012953.0,1013946.0,3509.0,517.0,2992.0,993.0,1991.0,-1298.0
106,1033.209354,3.5079154,2,7,1,2,2,1,3,1,-30,2.0,-1.0907347,1013952.0,1017462.0,1015380.0,0.0,1015380.0,0.0,1014470.0,1016461.0,1014470.0,1017462.0,1016469.0,1017462.0,3510.0,518.0,2992.0,993.0,1991.0,-1089.0
107,1036.725762,3.5079747,2,8,1,2,2,1,2,1,-35,2.0,-0.8239268,1017468.0,1020978.0,1019163.0,0.0,1019163.0,0.0,1017987.0,1019978.0,1017987.0,1020979.0,1019985.0,1020979.0,3510.0,519.0,2992.0,994.0,1991.0,-822.0
108,1040.241952,3.5077935,2,9,1,2,1,2,5,2,-50,1.0,-1.2328207,1020985.0,1024494.0,1022270.0,1022270.0,0.0,0.0,1021503.0,1023494.0,1021503.0,1024494.0,1023501.0,1024494.0,3509.0,518.0,2991.0,993.0,1991.0,-1231.0
109,1043.758095,3.5078727,2,10,1,2,2,2,3,2,-45,2.0,-1.1656272,1024501.0,1028010.0,1025853.0,0.0,1025853.0,0.0,1025019.0,1027010.0,1025019.0,1028010.0,1027017.0,1028010.0,3509.0,518.0,2991.0,993.0,1991.0,-1164.0
110,1047.274297,3.5079032,2,11,1,2,1,1,4,1,-40,2.0,-0.2164046,1028017.0,1031526.0,1030319.0,0.0,1030319.0,0.0,1028535.0,1030527.0,1028535.0,1031526.0,1030533.0,1031526.0,3509.0,518.0,2991.0,993.0,1992.0,-214.0
111,1050.790568,3.5078743,2,12,1,2,1,2,1,1,-50,1.0,-1.2405098,1031533.0,1035042.0,1032810.0,1032810.0,0.0,0.0,1032051.0,1034043.0,1032051.0,1035043.0,1034049.0,1035043.0,3509.0,518.0,2992.0,994.0,1992.0,-1239.0
112,1054.306772,3.5079788,2,13,1,1,2,1,2,1,-45,1.0,-0.9413048,1035049.0,1038559.0,1036626.0,1036626.0,0.0,0.0,1035567.0,1037559.0,1035567.0,1038559.0,1037566.0,1038559.0,3510.0,518.0,2992.0,993.0,1992.0,-940.0
113,1057.823026,3.5079093,2,14,1,2,1,1,5,1,-40,1.0,-1.282942,1038565.0,1042075.0,1039800.0,1039800.0,0.0,0.0,1039083.0,1041076.0,1039083.0,1042075.0,1041082.0,1042075.0,3510.0,518.0,2992.0,993.0,1993.0,-1282.0
114,1061.339256,3.5079034,2,15,1,2,2,1,5,2,-35,2.0,-1.0330728,1042082.0,1045591.0,1043566.0,0.0,1043566.0,0.0,1042600.0,1044591.0,1042600.0,1045592.0,1044598.0,1045592.0,3509.0,518.0,2992.0,994.0,1991.0,-1032.0
115,1064.85559,3.5078893,2,16,1,1,2,1,5,1,-40,2.0,-0.7496751,1045598.0,1049108.0,1047366.0,0.0,1047366.0,0.0,1046116.0,1048108.0,1046116.0,1049108.0,1048115.0,1049108.0,3510.0,518.0,2992.0,993.0,1992.0,-749.0
116,1068.380041,3.5077695,2,17,1,1,1,2,4,1,-45,2.0,-0.8330051,1049124.0,1052632.0,1050808.0,0.0,1050808.0,0.0,1049640.0,1051632.0,1049640.0,1052632.0,1051639.0,1052632.0,3508.0,516.0,2992.0,993.0,1992.0,-831.0
117,1071.896127,3.5078674,2,18,1,2,1,1,4,2,-45,2.0,-0.8997918,1052639.0,1056148.0,1054257.0,0.0,1054257.0,0.0,1053157.0,1055149.0,1053157.0,1056148.0,1055155.0,1056148.0,3509.0,518.0,2991.0,993.0,1992.0,-898.0
118,1075.412324,3.5079603,2,19,1,1,2,2,5,1,-50,1.0,-1.3245819,1056155.0,1059665.0,1057348.0,1057348.0,0.0,0.0,1056673.0,1058664.0,1056673.0,1059665.0,1058671.0,1059665.0,3510.0,518.0,2992.0,994.0,1991.0,-1323.0
119,1078.928591,3.5076849,2,20,1,1,2,1,5,1,-50,1.0,-1.1493789,1059671.0,1063180.0,1061039.0,1061039.0,0.0,0.0,1060189.0,1062180.0,1060189.0,1063180.0,1062187.0,1063180.0,3509.0,518.0,2991.0,993.0,1991.0,-1148.0
120,1082.444607,3.5078206,2,21,1,2,2,1,3,2,-45,1.0,-0.8746408,1063187.0,1066696.0,1064830.0,1064830.0,0.0,0.0,1063706.0,1065697.0,1063706.0,1066696.0,1065703.0,1066696.0,3509.0,519.0,2990.0,993.0,1991.0,-873.0
121,1085.960762,3.5079143,2,22,1,2,2,1,4,1,-40,2.0,-0.6497162,1066703.0,1070213.0,1068571.0,0.0,1068571.0,0.0,1067221.0,1069213.0,1067221.0,1070213.0,1069219.0,1070213.0,3510.0,518.0,2992.0,994.0,1992.0,-648.0
122,1089.476967,3.5077592,2,23,1,1,2,2,1,2,-45,1.0,-0.9329918,1070219.0,1073729.0,1071804.0,1071804.0,0.0,0.0,1070737.0,1072729.0,1070737.0,1073729.0,1072736.0,1073729.0,3510.0,518.0,2992.0,993.0,1992.0,-932.0
123,1092.993205,3.5078146,2,24,1,1,2,2,4,2,-40,2.0,-0.5492269,1073736.0,1077245.0,1075704.0,0.0,1075704.0,0.0,1074253.0,1076245.0,1074254.0,1077245.0,1076252.0,1077246.0,3509.0,518.0,2991.0,994.0,1992.0,-548.0
124,1096.509215,3.5077912,2,25,1,1,2,1,5,1,-45,1.0,-1.1746053,1077251.0,1080760.0,1078594.0,1078594.0,0.0,0.0,1077770.0,1079761.0,1077770.0,1080761.0,1079768.0,1080761.0,3509.0,519.0,2991.0,993.0,1991.0,-1174.0
125,1100.025501,3.5079296,2,26,1,2,1,2,4,1,-45,1.0,-0.866222,1080768.0,1084278.0,1082420.0,1082420.0,0.0,0.0,1081286.0,1083277.0,1081286.0,1084278.0,1083284.0,1084278.0,3510.0,518.0,2992.0,994.0,1991.0,-864.0
126,1103.541663,3.5077058,2,27,1,1,2,1,3,1,-40,1.0,-0.8996194,1084284.0,1087793.0,1085902.0,1085902.0,0.0,0.0,1084802.0,1086793.0,1084802.0,1087793.0,1086800.0,1087793.0,3509.0,518.0,2991.0,993.0,1991.0,-898.0
127,1107.057693,3.5077931,2,28,1,2,1,2,5,1,-40,2.0,-1.1161814,1087800.0,1091309.0,1089201.0,0.0,1089201.0,0.0,1088319.0,1090310.0,1088319.0,1091309.0,1090316.0,1091309.0,3509.0,519.0,2990.0,993.0,1991.0,-1115.0
128,1110.573846,3.5078632,2,29,1,2,1,1,4,1,-35,2.0,-0.6656483,1091316.0,1094826.0,1093168.0,0.0,1093168.0,0.0,1091834.0,1093826.0,1091834.0,1094826.0,1093832.0,1094826.0,3510.0,518.0,2992.0,994.0,1992.0,-664.0
129,1114.090006,3.5078219,2,30,1,2,2,2,5,2,-45,1.0,-1.024637,1094832.0,1098342.0,1096326.0,1096326.0,0.0,0.0,1095350.0,1097341.0,1095350.0,1098342.0,1097348.0,1098342.0,3510.0,518.0,2992.0,994.0,1991.0,-1022.0
130,1117.606164,3.5078552,2,31,1,1,1,2,4,2,-40,2.0,-1.1329862,1098348.0,1101858.0,1099733.0,0.0,1099733.0,0.0,1098867.0,1100858.0,1098867.0,1101859.0,1100865.0,1101859.0,3510.0,519.0,2992.0,994.0,1991.0,-1132.0
131,1121.122548,3.507594927,2,32,1,2,1,1,3,1,-40,2.0,-1.1572739,1101865.0,1105374.0,1103226.0,0.0,1103226.0,0.0,1102383.0,1104374.0,1102383.0,1105374.0,1104381.0,1105374.0,3509.0,518.0,2991.0,993.0,1991.0,-1155.0
132,1124.638615,3.5078545,2,33,1,1,2,2,2,2,-45,1.0,-0.8829274,1105381.0,1108891.0,1107016.0,1107016.0,0.0,0.0,1105899.0,1107890.0,1105899.0,1108891.0,1107897.0,1108891.0,3510.0,518.0,2992.0,994.0,1991.0,-881.0
133,1128.154757,3.5076674,2,34,1,2,1,1,5,1,-45,1.0,-1.015772,1108897.0,1112406.0,1110399.0,1110399.0,0.0,0.0,1109415.0,1111406.0,1109415.0,1112406.0,1111413.0,1112407.0,3509.0,518.0,2991.0,994.0,1991.0,-1014.0
134,1131.670911,3.5077019,2,35,1,1,2,1,3,1,-40,2.0,-0.8580105,1112413.0,1115922.0,1114072.0,0.0,1114072.0,0.0,1112931.0,1114923.0,1112931.0,1115923.0,1114929.0,1115923.0,3509.0,518.0,2992.0,994.0,1992.0,-857.0
135,1135.186947,3.5078379,2,36,1,2,2,2,2,2,-40,2.0,-1.1247366,1115929.0,1119439.0,1117322.0,0.0,1117322.0,0.0,1116447.0,1118438.0,1116447.0,1119439.0,1118446.0,1119439.0,3510.0,518.0,2992.0,993.0,1991.0,-1124.0
136,1138.711451,3.5078036,2,37,1,1,1,1,1,2,-45,1.0,-0.9243065,1119455.0,1122963.0,1121047.0,1121047.0,0.0,0.0,1119972.0,1121964.0,1119972.0,1122963.0,1121970.0,1122963.0,3508.0,517.0,2991.0,993.0,1992.0,-923.0
137,1142.227623,3.5077713,2,38,1,1,2,2,5,1,-45,1.0,-0.9246097,1122970.0,1126479.0,1124562.0,1124562.0,0.0,0.0,1123488.0,1125479.0,1123488.0,1126480.0,1125486.0,1126480.0,3509.0,518.0,2992.0,994.0,1991.0,-924.0
138,1145.743725,3.5078317,2,39,1,2,2,1,5,1,-40,2.0,-0.9325504,1126486.0,1129995.0,1128072.0,0.0,1128072.0,0.0,1127004.0,1128995.0,1127004.0,1129995.0,1129002.0,1129995.0,3509.0,518.0,2991.0,993.0,1991.0,-930.0
139,1149.259905,3.5078055,2,40,1,2,2,2,3,1,-40,1.0,-0.3330141,1130002.0,1133511.0,1132187.0,1132187.0,0.0,0.0,1130520.0,1132511.0,1130520.0,1133511.0,1132518.0,1133511.0,3509.0,518.0,2991.0,993.0,1991.0,-331.0
140,1152.776042,3.5078215,2,41,1,1,2,1,2,2,-45,1.0,-0.8997516,1133518.0,1137027.0,1135136.0,1135136.0,0.0,0.0,1134036.0,1136028.0,1134036.0,1137027.0,1136035.0,1137027.0,3509.0,518.0,2991.0,992.0,1992.0,-899.0
141,1156.300544,3.507827,2,42,1,1,2,1,1,1,-40,1.0,-0.4163826,1137044.0,1140552.0,1139144.0,1139144.0,0.0,0.0,1137561.0,1139552.0,1137561.0,1140552.0,1139559.0,1140552.0,3508.0,517.0,2991.0,993.0,1991.0,-415.0
142,1159.816707,3.5078204,2,43,1,2,2,1,2,1,-35,2.0,-1.166422,1140559.0,1144068.0,1141910.0,0.0,1141910.0,0.0,1141077.0,1143068.0,1141077.0,1144068.0,1143075.0,1144068.0,3509.0,518.0,2991.0,993.0,1991.0,-1165.0
143,1163.332955,3.5077281,2,44,1,2,2,1,4,1,-40,2.0,-1.3240765,1144075.0,1147584.0,1145268.0,0.0,1145268.0,0.0,1144593.0,1146584.0,1144593.0,1147584.0,1146591.0,1147584.0,3509.0,518.0,2991.0,993.0,1991.0,-1323.0
144,1166.849011,3.5078058,2,45,1,2,2,2,1,2,-35,2.0,-0.3413214,1147591.0,1151101.0,1149767.0,0.0,1149767.0,0.0,1148109.0,1150100.0,1148109.0,1151101.0,1150107.0,1151101.0,3510.0,518.0,2992.0,994.0,1991.0,-340.0
145,1170.36515,3.5078258,2,46,1,2,1,2,5,1,-40,1.0,-1.0078958,1151107.0,1154616.0,1152617.0,1152617.0,0.0,0.0,1151625.0,1153616.0,1151625.0,1154616.0,1153623.0,1154616.0,3509.0,518.0,2991.0,993.0,1991.0,-1006.0
146,1173.881289,3.5078449,2,47,1,2,2,2,1,1,-35,2.0,-1.0413477,1154623.0,1158132.0,1156099.0,0.0,1156099.0,0.0,1155142.0,1157133.0,1155142.0,1158132.0,1157140.0,1158132.0,3509.0,519.0,2990.0,992.0,1991.0,-1041.0
147,1177.405802,3.5078495,2,48,1,1,2,1,5,2,-45,1.0,-0.9827212,1158149.0,1161658.0,1159682.0,1159682.0,0.0,0.0,1158666.0,1160657.0,1158666.0,1161658.0,1160664.0,1161658.0,3509.0,517.0,2992.0,994.0,1991.0,-982.0
148,1180.922005,3.5078197,2,49,1,1,2,2,3,2,-40,2.0,-1.1663456,1161664.0,1165173.0,1163015.0,0.0,1163015.0,0.0,1162182.0,1164173.0,1162182.0,1165173.0,1164180.0,1165173.0,3509.0,518.0,2991.0,993.0,1991.0,-1165.0
149,1184.43814,3.5078873,2,50,1,1,1,1,4,2,-40,2.0,-0.8746564,1165180.0,1168689.0,1166823.0,0.0,1166823.0,0.0,1165698.0,1167690.0,1165698.0,1168689.0,1167696.0,1168689.0,3509.0,518.0,2991.0,993.0,1992.0,-873.0
150,1187.954263,3.5078314,2,51,1,1,1,2,2,1,-45,2.0,-0.7746181,1168696.0,1172205.0,1170439.0,0.0,1170439.0,0.0,1169214.0,1171206.0,1169214.0,1172205.0,1171212.0,1172206.0,3509.0,518.0,2991.0,994.0,1992.0,-773.0
151,1191.470429,3.5078351,2,52,1,1,2,1,5,2,-45,1.0,-1.3410503,1172212.0,1175722.0,1173389.0,1173389.0,0.0,0.0,1172730.0,1174721.0,1172730.0,1175722.0,1174728.0,1175722.0,3510.0,518.0,2992.0,994.0,1991.0,-1339.0
152,1194.986567,3.5078855,2,53,1,2,2,2,3,2,-50,2.0,-1.2909712,1175728.0,1179238.0,1176955.0,0.0,1176955.0,0.0,1176246.0,1178238.0,1176247.0,1179238.0,1178245.0,1179238.0,3510.0,519.0,2991.0,993.0,1992.0,-1290.0
153,1198.502757,3.5078249,2,54,1,2,2,2,4,1,-55,1.0,-0.782694,1179244.0,1182754.0,1180979.0,1180979.0,0.0,0.0,1179763.0,1181754.0,1179763.0,1182754.0,1181761.0,1182754.0,3510.0,519.0,2991.0,993.0,1991.0,-782.0
154,1202.018898,3.5077996,2,55,1,1,1,2,4,1,-50,2.0,-0.7661903,1182760.0,1186270.0,1184512.0,0.0,1184512.0,0.0,1183279.0,1185270.0,1183279.0,1186270.0,1185277.0,1186270.0,3510.0,519.0,2991.0,993.0,1991.0,-765.0
155,1205.5351,3.5079177,2,56,1,2,2,1,1,1,-40,1.0,-0.4497357,1186277.0,1189786.0,1188345.0,1188345.0,0.0,0.0,1186795.0,1188786.0,1186796.0,1189786.0,1188793.0,1189786.0,3509.0,519.0,2990.0,993.0,1991.0,-448.0
156,1209.051301,3.5078378,2,57,1,1,1,2,2,2,-55,1.0,-0.6080261,1189793.0,1193302.0,1191703.0,1191703.0,0.0,0.0,1190311.0,1192303.0,1190311.0,1193302.0,1192309.0,1193302.0,3509.0,518.0,2991.0,993.0,1992.0,-606.0
157,1212.567366,3.5078289,2,58,1,1,1,1,5,2,-35,2.0,-0.8663019,1193309.0,1196818.0,1194960.0,0.0,1194960.0,0.0,1193827.0,1195818.0,1193827.0,1196819.0,1195825.0,1196819.0,3509.0,518.0,2992.0,994.0,1991.0,-865.0
158,1216.083516,3.5079642,2,59,1,2,1,2,2,1,-50,2.0,-1.3329084,1196825.0,1200335.0,1198010.0,0.0,1198010.0,0.0,1197343.0,1199334.0,1197343.0,1200335.0,1199341.0,1200335.0,3510.0,518.0,2992.0,994.0,1991.0,-1331.0
159,1219.616348,3.5078171,2,60,1,1,2,2,3,1,-55,1.0,-1.1412932,1200360.0,1203867.0,1201734.0,1201734.0,0.0,0.0,1200876.0,1202868.0,1200876.0,1203867.0,1202874.0,1203867.0,3507.0,516.0,2991.0,993.0,1992.0,-1140.0
160,1223.132515,3.5078091,2,61,1,1,2,2,1,2,-50,2.0,-0.8495019,1203874.0,1207383.0,1205542.0,0.0,1205542.0,0.0,1204392.0,1206384.0,1204392.0,1207383.0,1206390.0,1207384.0,3509.0,518.0,2991.0,994.0,1992.0,-848.0
161,1226.648698,3.5077835,2,62,1,1,1,2,5,2,-55,2.0,-0.7246694,1207390.0,1210900.0,1209183.0,0.0,1209183.0,0.0,1207908.0,1209900.0,1207908.0,1210900.0,1209906.0,1210900.0,3510.0,518.0,2992.0,994.0,1992.0,-723.0
162,1230.164866,3.5078085,2,63,1,2,2,1,4,2,-40,2.0,-1.2079514,1210906.0,1214416.0,1212216.0,0.0,1212216.0,0.0,1211424.0,1213415.0,1211425.0,1214416.0,1213423.0,1214416.0,3510.0,519.0,2991.0,993.0,1991.0,-1207.0
163,1233.681094,3.5077163,2,64,1,1,2,2,2,1,-60,1.0,-1.316252,1214423.0,1217931.0,1215624.0,1215624.0,0.0,0.0,1214941.0,1216932.0,1214941.0,1217931.0,1216939.0,1217932.0,3508.0,518.0,2990.0,993.0,1991.0,-1315.0
164,1237.19713,3.5828319,2,65,1,1,1,1,3,2,-45,2.0,-1.0829454,1217939.0,1221523.0,1219449.0,0.0,1219449.0,0.0,1218532.0,1220523.0,1218532.0,1221523.0,1220530.0,1221523.0,3584.0,593.0,2991.0,993.0,1991.0,-1081.0
165,1240.788468,3.5076681,2,66,1,1,1,2,4,2,-55,1.0,-1.1329599,1221530.0,1225039.0,1222915.0,1222915.0,0.0,0.0,1222048.0,1224039.0,1222048.0,1225039.0,1224046.0,1225039.0,3509.0,518.0,2991.0,993.0,1991.0,-1131.0
166,1244.304481,3.5079278,2,67,1,2,1,2,2,1,-50,2.0,-1.0494938,1225046.0,1228555.0,1226514.0,0.0,1226514.0,0.0,1225564.0,1227556.0,1225564.0,1228555.0,1227562.0,1228555.0,3509.0,518.0,2991.0,993.0,1992.0,-1048.0
167,1247.820693,3.5078944,2,68,1,1,1,2,5,1,-55,1.0,-1.1243002,1228562.0,1232071.0,1229956.0,1229956.0,0.0,0.0,1229080.0,1231072.0,1229080.0,1232072.0,1231078.0,1232072.0,3509.0,518.0,2992.0,994.0,1992.0,-1122.0
168,1251.33678,3.5077968,2,69,1,1,2,1,3,2,-50,1.0,-1.1996983,1232078.0,1235588.0,1233397.0,1233397.0,0.0,0.0,1232596.0,1234587.0,1232596.0,1235588.0,1234595.0,1235588.0,3510.0,518.0,2992.0,993.0,1991.0,-1198.0
169,1254.852936,3.5078354,2,70,1,1,1,2,1,2,-50,2.0,-0.9829867,1235594.0,1239104.0,1237129.0,0.0,1237129.0,0.0,1236113.0,1238104.0,1236113.0,1239104.0,1238111.0,1239104.0,3510.0,519.0,2991.0,993.0,1991.0,-982.0
170,1258.369086,3.4995298,2,71,1,2,1,2,3,2,-55,1.0,-1.1494236,1239110.0,1242611.0,1240470.0,1240470.0,0.0,0.0,1239621.0,1241612.0,1239621.0,1242612.0,1241619.0,1242612.0,3501.0,511.0,2991.0,993.0,1991.0,-1149.0
171,1261.876941,3.5078149,2,72,1,2,1,2,3,2,-50,1.0,-1.3079287,1242618.0,1246128.0,1243828.0,1243828.0,0.0,0.0,1243136.0,1245128.0,1243136.0,1246128.0,1245135.0,1246128.0,3510.0,518.0,2992.0,993.0,1992.0,-1307.0
172,1265.393206,3.507882,2,73,1,2,1,2,4,1,-45,1.0,-1.0992994,1246135.0,1249644.0,1247553.0,1247553.0,0.0,0.0,1246652.0,1248644.0,1246653.0,1249644.0,1248651.0,1249644.0,3509.0,518.0,2991.0,993.0,1992.0,-1098.0
173,1268.90926,3.5078247,2,74,1,1,2,1,5,1,-45,1.0,-1.2329833,1249651.0,1253160.0,1250935.0,1250935.0,0.0,0.0,1250169.0,1252160.0,1250169.0,1253160.0,1252167.0,1253160.0,3509.0,518.0,2991.0,993.0,1991.0,-1232.0
174,1272.42555,3.5076843,2,75,1,2,1,2,2,2,-40,2.0,-1.0746143,1253167.0,1256676.0,1254609.0,0.0,1254609.0,0.0,1253685.0,1255676.0,1253685.0,1256676.0,1255683.0,1256676.0,3509.0,518.0,2991.0,993.0,1991.0,-1074.0
175,1275.941538,3.5078697,2,76,1,1,1,1,2,2,-40,2.0,-0.9996471,1256683.0,1260192.0,1258201.0,0.0,1258201.0,0.0,1257201.0,1259192.0,1257201.0,1260192.0,1259199.0,1260192.0,3509.0,518.0,2991.0,993.0,1991.0,-998.0
176,1279.457909,3.5076891,2,77,1,1,2,1,2,2,-45,1.0,-1.2746033,1260199.0,1263708.0,1261442.0,1261442.0,0.0,0.0,1260717.0,1262709.0,1260717.0,1263708.0,1262715.0,1263708.0,3509.0,518.0,2991.0,993.0,1992.0,-1273.0
177,1282.973932,3.5078073,2,78,1,2,2,2,2,1,-45,2.0,-1.2912542,1263715.0,1267224.0,1264942.0,0.0,1264942.0,0.0,1264233.0,1266225.0,1264233.0,1267225.0,1266231.0,1267225.0,3509.0,518.0,2992.0,994.0,1992.0,-1289.0
178,1286.490182,3.5076825,2,79,1,2,1,2,5,1,-50,1.0,-1.0662681,1267231.0,1270741.0,1268683.0,1268683.0,0.0,0.0,1267749.0,1269741.0,1267749.0,1270741.0,1269748.0,1270741.0,3510.0,518.0,2992.0,993.0,1992.0,-1065.0
179,1290.006321,3.5077933,2,80,1,2,2,2,1,2,-45,1.0,-0.3413532,1270748.0,1274257.0,1272924.0,1272924.0,0.0,0.0,1271266.0,1273256.0,1271266.0,1274257.0,1273264.0,1274257.0,3509.0,518.0,2991.0,993.0,1990.0,-340.0
180,1293.522451,3.507714,2,81,1,1,1,2,3,2,-40,2.0,-0.8664071,1274264.0,1277772.0,1275915.0,0.0,1275915.0,0.0,1274782.0,1276773.0,1274782.0,1277772.0,1276780.0,1277773.0,3508.0,518.0,2990.0,993.0,1991.0,-865.0
181,1297.038496,3.5078327,2,82,1,1,1,2,1,2,-45,1.0,-0.5080571,1277780.0,1281289.0,1279789.0,1279789.0,0.0,0.0,1278298.0,1280289.0,1278298.0,1281289.0,1280296.0,1281289.0,3509.0,518.0,2991.0,993.0,1991.0,-507.0
182,1300.55484,3.5076596,2,83,1,2,1,2,1,2,-40,1.0,0.0336573,1281296.0,1284805.0,1283847.0,1283847.0,0.0,0.0,1281813.0,1283805.0,1281814.0,1284805.0,1283812.0,1284805.0,3509.0,518.0,2991.0,993.0,1992.0,35.0
183,1304.07083,3.5078915,2,84,1,1,1,1,3,2,-40,2.0,-0.8996409,1284812.0,1288321.0,1286430.0,0.0,1286430.0,0.0,1285330.0,1287322.0,1285330.0,1288321.0,1287328.0,1288321.0,3509.0,518.0,2991.0,993.0,1992.0,-898.0
184,1307.587092,3.5077314,2,85,1,2,2,1,1,1,-45,1.0,-0.9912351,1288328.0,1291838.0,1289855.0,1289855.0,0.0,0.0,1288846.0,1290837.0,1288846.0,1291838.0,1290844.0,1291838.0,3510.0,518.0,2992.0,994.0,1991.0,-989.0
185,1311.103145,3.5078231,2,86,1,1,1,1,1,2,-40,2.0,-0.9581051,1291844.0,1295354.0,1293404.0,0.0,1293404.0,0.0,1292362.0,1294353.0,1292362.0,1295354.0,1294361.0,1295354.0,3510.0,518.0,2992.0,993.0,1991.0,-957.0
186,1314.619308,3.5078187,2,87,1,2,2,2,2,2,-35,2.0,-1.0413177,1295360.0,1298869.0,1296837.0,0.0,1296837.0,0.0,1295879.0,1297870.0,1295879.0,1298869.0,1297877.0,1298869.0,3509.0,519.0,2990.0,992.0,1991.0,-1040.0
187,1318.135565,3.5078467,2,88,1,2,1,2,4,1,-40,1.0,-1.0995267,1298877.0,1302386.0,1300294.0,1300294.0,0.0,0.0,1299395.0,1301386.0,1299395.0,1302386.0,1301393.0,1302386.0,3509.0,518.0,2991.0,993.0,1991.0,-1099.0
188,1321.651634,3.5078034,2,89,1,1,2,1,1,2,-45,2.0,-0.9913108,1302393.0,1305902.0,1303919.0,0.0,1303919.0,0.0,1302911.0,1304902.0,1302911.0,1305902.0,1304909.0,1305902.0,3509.0,518.0,2991.0,993.0,1991.0,-990.0
189,1325.16777,3.5078418,2,90,1,1,1,1,3,2,-50,1.0,-1.1745937,1305909.0,1309418.0,1307252.0,1307252.0,0.0,0.0,1306427.0,1308419.0,1306427.0,1309418.0,1308425.0,1309418.0,3509.0,518.0,2991.0,993.0,1992.0,-1173.0
190,1328.683945,3.5078428,2,91,1,2,2,1,1,2,-45,2.0,-1.1078597,1309425.0,1312934.0,1310834.0,0.0,1310834.0,0.0,1309943.0,1311934.0,1309943.0,1312935.0,1311941.0,1312935.0,3509.0,518.0,2992.0,994.0,1991.0,-1107.0
191,1332.200103,3.507828,2,92,1,1,2,1,5,1,-50,1.0,-0.7912211,1312941.0,1316451.0,1314668.0,1314668.0,0.0,0.0,1313459.0,1315450.0,1313459.0,1316451.0,1315457.0,1316451.0,3510.0,518.0,2992.0,994.0,1991.0,-789.0
192,1335.716303,3.5078062,2,93,1,1,2,1,1,1,-45,1.0,-1.0412415,1316457.0,1319967.0,1317934.0,1317934.0,0.0,0.0,1316975.0,1318966.0,1316975.0,1319967.0,1318973.0,1319967.0,3510.0,518.0,2992.0,994.0,1991.0,-1039.0
193,1339.232409,3.5078654,2,94,1,2,2,2,2,1,-35,2.0,-1.232918,1319973.0,1323482.0,1321258.0,0.0,1321258.0,0.0,1320492.0,1322483.0,1320492.0,1323482.0,1322490.0,1323482.0,3509.0,519.0,2990.0,992.0,1991.0,-1232.0
194,1342.74859,3.5078032,2,95,1,2,1,1,4,2,-40,2.0,-0.9329389,1323489.0,1326999.0,1325075.0,0.0,1325075.0,0.0,1324008.0,1325999.0,1324008.0,1326999.0,1326006.0,1326999.0,3510.0,519.0,2991.0,993.0,1991.0,-931.0
195,1346.264727,3.5078518,2,96,1,2,1,2,2,1,-40,2.0,-1.0912209,1327005.0,1330515.0,1328432.0,0.0,1328432.0,0.0,1327523.0,1329515.0,1327523.0,1330515.0,1329522.0,1330515.0,3510.0,518.0,2992.0,993.0,1992.0,-1090.0
196,1349.780868,3.5078349,2,97,1,1,2,1,5,1,-45,1.0,-1.0744905,1330522.0,1334031.0,1331965.0,1331965.0,0.0,0.0,1331040.0,1333032.0,1331040.0,1334031.0,1333038.0,1334031.0,3509.0,518.0,2991.0,993.0,1992.0,-1073.0
197,1353.297036,3.5078743,2,98,1,1,2,2,4,2,-45,1.0,-1.1328127,1334038.0,1337547.0,1335423.0,1335423.0,0.0,0.0,1334556.0,1336547.0,1334556.0,1337548.0,1336554.0,1337548.0,3509.0,518.0,2992.0,994.0,1991.0,-1131.0
198,1356.81321,3.5912091,2,99,1,2,1,1,3,1,-40,1.0,-1.1160268,1337554.0,1341147.0,1339039.0,1339039.0,0.0,0.0,1338155.0,1340147.0,1338155.0,1341147.0,1340154.0,1341147.0,3593.0,601.0,2992.0,993.0,1992.0,-1115.0
199,1360.412753,3.8577458,2,100,1,2,2,2,5,2,-40,2.0,-1.0410836,1341154.0,1345013.0,1342980.0,0.0,1342980.0,0.0,1342021.0,1344013.0,1342021.0,1345013.0,1344020.0,1345013.0,3859.0,867.0,2992.0,993.0,1992.0,-1040.0
